Transaction Hash,Status,Method,Blockno,DateTime (UTC),From,From_Nametag,To,To_Nametag,Amount,Value (USD),Txn Fee
"0xad7b4f0e425d442732a925e21097fa4cb828fd7a2b6a17f5c9489a8ed536f6b9","Success","Exec Transaction","84954516","2026-04-01 07:37:49","0x0b49b3a41283bb78ebac770e7d31473b80ba5193","","0x751a2b86cab503496efd325c8344e10159349ea1","Polymarket: Sharky6999","0 POL","$0.00","0.07989098"
"0x2dc1104b438f71a8dd22b3b39e73600702084e5a8445804db826e10be62879df","Success","Exec Transaction","84953904","2026-04-01 07:17:25","0xddafac1c6aaab70d25dcc31a6947f6095c6a5b3d","","0x751a2b86cab503496efd325c8344e10159349ea1","Polymarket: Sharky6999","0 POL","$0.00","0.03654653"
"0x2484aefed92b7e8192f5c195aefde9a57bb42c867e954092d3b2839a202e906a","Success","Exec Transaction","84951692","2026-04-01 06:03:41","0xbefc8a81673d173f3ef2365de5dad2bee4bb111a","","0x751a2b86cab503496efd325c8344e10159349ea1","Polymarket: Sharky6999","0 POL","$0.00","0.01764821"
"0xc8bae7a04d0ebd4661e3717fcfb662adbbb4399a0b5480802ac2c150b074c3e3","Success","Exec Transaction","84950823","2026-04-01 05:34:43","0x4da9395388791c22684e03779c3de10934eb9cfb","","0x751a2b86cab503496efd325c8344e10159349ea1","Polymarket: Sharky6999","0 POL","$0.00","0.02809529"
"0x5c8e54d57243188f9d2bd77183154ed16a7fc31913bf17f70c77c9b1d224257a","Success","Exec Transaction","84950335","2026-04-01 05:18:27","0x4fac062e3edf91d976ea75ea6007cc3b086daad3","","0x751a2b86cab503496efd325c8344e10159349ea1","Polymarket: Sharky6999","0 POL","$0.00","0.17624469"
"0xd3f427ec9d23ced33ac3f84e977a9beb28f7ecf6e53e79eaf83d9fd3734d009f","Success","Exec Transaction","84949515","2026-04-01 04:51:07","0xe672e75b6e824cda8e66c4b0bfce0668803cfac0","","0x751a2b86cab503496efd325c8344e10159349ea1","Polymarket: Sharky6999","0 POL","$0.00","0.06560508"
"0xa8057ae3c4a314f73b949bb77d0eb2aaf54d79cba35a2c25631300fead40861d","Success","Exec Transaction","84947801","2026-04-01 03:53:59","0xe672e75b6e824cda8e66c4b0bfce0668803cfac0","","0x751a2b86cab503496efd325c8344e10159349ea1","Polymarket: Sharky6999","0 POL","$0.00","0.03935729"
"0x57b2c23b6521eed5ec8e17792bb8481c50a06cb525bf64aff89cb8a96eb3ab71","Success","Exec Transaction","84946866","2026-04-01 03:22:49","0xbefc8a81673d173f3ef2365de5dad2bee4bb111a","","0x751a2b86cab503496efd325c8344e10159349ea1","Polymarket: Sharky6999","0 POL","$0.00","0.04154326"
"0x25c22b09da6699795acab047b85f73c08db09d38adf453d6705295cfd61e4535","Success","Exec Transaction","84945162","2026-04-01 02:26:01","0x4da9395388791c22684e03779c3de10934eb9cfb","","0x751a2b86cab503496efd325c8344e10159349ea1","Polymarket: Sharky6999","0 POL","$0.00","0.11095058"
"0x1f1b1de7aaee3b7ed30699d5d436c54f50ca05da5a1b4bc58bb4563821bec2ae","Success","Exec Transaction","84944397","2026-04-01 02:00:31","0x9071c7c588740ea5fc0b1aeef9a8eef4b905b22e","","0x751a2b86cab503496efd325c8344e10159349ea1","Polymarket: Sharky6999","0 POL","$0.00","0.10552943"
"0xbaa0168baa90d39a8abf6774bd741afc2aacaf535b0e836f6740c21f07724bc4","Success","Exec Transaction","84943973","2026-04-01 01:46:23","0x23a4d452d6f57654ecd5920536cf61277451dbe4","","0x751a2b86cab503496efd325c8344e10159349ea1","Polymarket: Sharky6999","0 POL","$0.00","0.06042741"
"0x7b6925b0336559340454f019c16ff446747893f1fdc15a09939694b4bbe16594","Success","Exec Transaction","84941715","2026-04-01 00:31:07","0xddafac1c6aaab70d25dcc31a6947f6095c6a5b3d","","0x751a2b86cab503496efd325c8344e10159349ea1","Polymarket: Sharky6999","0 POL","$0.00","0.0282996"
"0x2a6024e7f06b3c469ea895788870ab71a465b4bba84efa920687cac22ce37f0c","Success","Exec Transaction","84941424","2026-04-01 00:21:25","0x7db63fe6d62eb73fb01f8009416f4c2bb4fbda6a","","0x751a2b86cab503496efd325c8344e10159349ea1","Polymarket: Sharky6999","0 POL","$0.00","0.0282059"
"0x247427c2f6f9e0a1077ee34dcebfb090df46a52ac5c6f150a34ed47418398e3c","Success","Exec Transaction","84941032","2026-04-01 00:08:21","0xbefc8a81673d173f3ef2365de5dad2bee4bb111a","","0x751a2b86cab503496efd325c8344e10159349ea1","Polymarket: Sharky6999","0 POL","$0.00","0.11080875"
"0x92617386422d161968c8932073b6d7423b0f271361422de514be4cab6d7376ad","Success","Exec Transaction","84940177","2026-03-31 23:39:51","0x714d785af4290fae6cf8c6bf2be6b4af946f4d5f","","0x751a2b86cab503496efd325c8344e10159349ea1","Polymarket: Sharky6999","0 POL","$0.00","0.18319259"
"0x7b16fc7e22dc231472aeff5db8f1a8732f9b3fbaba3957ca8255f61dae901c53","Success","Exec Transaction","84939583","2026-03-31 23:20:03","0x02a86f51aa7b8b1c17c30364748d5ae4a0727e23","Polymarket: Relayer","0x751a2b86cab503496efd325c8344e10159349ea1","Polymarket: Sharky6999","0 POL","$0.00","0.08293504"
"0x6b0091b0d8d29306f8c0b11f0d9651a33e55ed932ef4afd2c017f916d9bfbcb5","Success","Exec Transaction","84938577","2026-03-31 22:46:31","0x23a4d452d6f57654ecd5920536cf61277451dbe4","","0x751a2b86cab503496efd325c8344e10159349ea1","Polymarket: Sharky6999","0 POL","$0.00","0.03206867"
"0xefcd8897353093b8a1632cdbd4d5b2bb9423122a687854d21f925dbe7803c05e","Success","Exec Transaction","84937259","2026-03-31 22:02:35","0x710be84efbd0dfd4b1a67b9525a778ae5c420ff8","","0x751a2b86cab503496efd325c8344e10159349ea1","Polymarket: Sharky6999","0 POL","$0.00","0.03150844"
"0x124b31b5fe937206da73fa89f943c8b968b5c5203d6bfe535a071e1bd3a2379f","Success","Exec Transaction","84937102","2026-03-31 21:57:21","0x861da39364865140dcaeca9d0db5a5fbf51b63f1","","0x751a2b86cab503496efd325c8344e10159349ea1","Polymarket: Sharky6999","0 POL","$0.00","0.04644507"
"0x00666b3c909d7ea0f666f5a3c5738f51d77dd8a7f7381a3e5ba554c34d00a8cc","Success","Exec Transaction","84936366","2026-03-31 21:32:49","0xe679d14b2fe0bdee4a54f25bcec2978e372de566","","0x751a2b86cab503496efd325c8344e10159349ea1","Polymarket: Sharky6999","0 POL","$0.00","0.04137359"
"0x29496dfc8c761c2db0b2cb65542b2ec91714554782327ed5a4b35b85a1a9fceb","Success","Exec Transaction","84935689","2026-03-31 21:10:15","0x9071c7c588740ea5fc0b1aeef9a8eef4b905b22e","","0x751a2b86cab503496efd325c8344e10159349ea1","Polymarket: Sharky6999","0 POL","$0.00","0.03695832"
"0x9c44c0d43362aece373abe6ebee6a1291d9ec1bc7911d7bb71e26b74eea2e970","Success","Exec Transaction","84934545","2026-03-31 20:32:07","0xd4810b8fd67d6c08d8034ddaa36a37913031262e","","0x751a2b86cab503496efd325c8344e10159349ea1","Polymarket: Sharky6999","0 POL","$0.00","0.04492236"
"0x9d82d037f2d1f5f58a77998d98d2645f3cedc4a8f46216affeae7ac79bf3ce3e","Success","Exec Transaction","84933930","2026-03-31 20:11:37","0xe672e75b6e824cda8e66c4b0bfce0668803cfac0","","0x751a2b86cab503496efd325c8344e10159349ea1","Polymarket: Sharky6999","0 POL","$0.00","0.06492203"
"0xb4b99e07e88fa1b0eb098bff42cfe0b0466eca42f23bb107b7112ff714c5689c","Success","Exec Transaction","84933929","2026-03-31 20:11:35","0xbefc8a81673d173f3ef2365de5dad2bee4bb111a","","0x751a2b86cab503496efd325c8344e10159349ea1","Polymarket: Sharky6999","0 POL","$0.00","0.16614568"
"0x18f6715031f7b80a29c3bad89c586e7abe6abff7fa5f1f51451ef94b0487f588","Error in Main Txn : execution reverted","Exec Transaction","84933378","2026-03-31 19:53:13","0x64131b60502c01362639cc5cfe1a1efb6be1165a","","0x751a2b86cab503496efd325c8344e10159349ea1","Polymarket: Sharky6999","0 POL","$0.00","0.03584898"
"0xc196eece557074f5f1c8e736a9f3625a3dd4fc231fd0c4639e56008dbb1525e4","Error in Main Txn : execution reverted","Exec Transaction","84932973","2026-03-31 19:39:43","0xd4810b8fd67d6c08d8034ddaa36a37913031262e","","0x751a2b86cab503496efd325c8344e10159349ea1","Polymarket: Sharky6999","0 POL","$0.00","0.03291675"
"0x614e3d5e5b3b2779be03f976d813ec411d5a5e1d1d1a4138948a297a43c6bcde","Success","Exec Transaction","84931024","2026-03-31 18:34:45","0xd4810b8fd67d6c08d8034ddaa36a37913031262e","","0x751a2b86cab503496efd325c8344e10159349ea1","Polymarket: Sharky6999","0 POL","$0.00","0.02316424"
"0x2ced61a0b97c9cd9f0e589f2ae0ce673e96d20ef1a763db3a24471b397a8668c","Success","Exec Transaction","84928904","2026-03-31 17:24:05","0x6efdade3d235fdebdf9c4fb61424809fddde48fc","","0x751a2b86cab503496efd325c8344e10159349ea1","Polymarket: Sharky6999","0 POL","$0.00","0.08079952"
"0x89d0b0ca933c05399644d8a8584115ef50d748f3764505ff9ebaffc93f29a8d5","Success","Exec Transaction","84928016","2026-03-31 16:54:29","0xacff32f36054e039003c7925f7834360531f1f9a","","0x751a2b86cab503496efd325c8344e10159349ea1","Polymarket: Sharky6999","0 POL","$0.00","0.03558566"
"0x048b93afc92d7e9cdebe736f9dedf00cd8f827063c679fd19a7d7566e570f7a7","Success","Exec Transaction","84926531","2026-03-31 16:04:59","0x7bc41f2e80aaf83f971ed557f0c277e4aa9054a7","","0x751a2b86cab503496efd325c8344e10159349ea1","Polymarket: Sharky6999","0 POL","$0.00","0.02722406"
"0xd7cc366801e0633a218c2245615f4e449748620fe8abf32cf8713e9dbc835940","Success","Exec Transaction","84926082","2026-03-31 15:50:01","0x33662daec73bece100d685441cc185b579e5c7a8","","0x751a2b86cab503496efd325c8344e10159349ea1","Polymarket: Sharky6999","0 POL","$0.00","0.11659697"
"0xf2987678dd9a37b50b8b85f665b70893899490fb20aa373f26bd57a0aa5ffd03","Success","Exec Transaction","84926081","2026-03-31 15:49:59","0xab25cc34a923671fbb33d295411591946cb5bb7b","","0x751a2b86cab503496efd325c8344e10159349ea1","Polymarket: Sharky6999","0 POL","$0.00","0.1299754"
"0x4b4e4b34223379ece2d72842e8193696a20478571e5da7f7dec868073a200bb9","Success","Exec Transaction","84912524","2026-03-31 08:18:05","0x4fac062e3edf91d976ea75ea6007cc3b086daad3","","0x751a2b86cab503496efd325c8344e10159349ea1","Polymarket: Sharky6999","0 POL","$0.00","0.0239658"
"0x323118da6c71a1d7a49d9f854c23f43d7fa661820af80136e55f22dd9caa5c8b","Success","Exec Transaction","84911405","2026-03-31 07:40:47","0xd4810b8fd67d6c08d8034ddaa36a37913031262e","","0x751a2b86cab503496efd325c8344e10159349ea1","Polymarket: Sharky6999","0 POL","$0.00","0.0384068"
"0xd2024da05d441d5eeb6cd5a918da8599974b64dc7caf27b73d7bc696c2f5f01b","Success","Exec Transaction","84909722","2026-03-31 06:44:41","0x7db63fe6d62eb73fb01f8009416f4c2bb4fbda6a","","0x751a2b86cab503496efd325c8344e10159349ea1","Polymarket: Sharky6999","0 POL","$0.00","0.04194757"
"0x7c440da04409c5b0e2ef9aa20718d22e4ba8e41d77cbe36c14f28189d6ab7637","Success","Exec Transaction","84909539","2026-03-31 06:38:35","0x861da39364865140dcaeca9d0db5a5fbf51b63f1","","0x751a2b86cab503496efd325c8344e10159349ea1","Polymarket: Sharky6999","0 POL","$0.00","0.05522177"
"0x3361fbcd33c262d421a8902d4d34dd9db7c54b0a89569d2c74b427f2719d8689","Success","Exec Transaction","84908640","2026-03-31 06:08:37","0xddd8c93165245b2764dfe8be340992e99d7b2c07","","0x751a2b86cab503496efd325c8344e10159349ea1","Polymarket: Sharky6999","0 POL","$0.00","0.03147311"
"0x3eb544e612d56e66121f261293f5c82e4f4206f23f3a9104a63c77d59d18c102","Success","Exec Transaction","84908409","2026-03-31 06:00:55","0x5cd013c409d98efeb083a161b4cc11c163083b72","","0x751a2b86cab503496efd325c8344e10159349ea1","Polymarket: Sharky6999","0 POL","$0.00","0.04279183"
"0x143f71abfebca13a618015801e63bc26461528585f59f23768ddc6c44f0c0fc6","Success","Exec Transaction","84907975","2026-03-31 05:46:27","0x4fac062e3edf91d976ea75ea6007cc3b086daad3","","0x751a2b86cab503496efd325c8344e10159349ea1","Polymarket: Sharky6999","0 POL","$0.00","0.05074066"
"0xc2eb9f54d6958b6204880c87f27b02f14f67d14812dd62740e3d2d5d5f3171a7","Success","Exec Transaction","84906700","2026-03-31 05:03:57","0x7bc41f2e80aaf83f971ed557f0c277e4aa9054a7","","0x751a2b86cab503496efd325c8344e10159349ea1","Polymarket: Sharky6999","0 POL","$0.00","0.07481308"
"0x9bcc7d0ecff2920ff9981f2e4649b04f432b9bb36dd86f1d8c6a659f1d828e19","Success","Exec Transaction","84906039","2026-03-31 04:41:55","0x9071c7c588740ea5fc0b1aeef9a8eef4b905b22e","","0x751a2b86cab503496efd325c8344e10159349ea1","Polymarket: Sharky6999","0 POL","$0.00","0.04817491"
"0x9b57dd61ca4a2ef715c24ff77c46a681425736ed4d697214075323565ed490db","Success","Exec Transaction","84904707","2026-03-31 03:57:31","0x72b263c452d99782220fc27e4f62000f9c1c1d13","","0x751a2b86cab503496efd325c8344e10159349ea1","Polymarket: Sharky6999","0 POL","$0.00","0.03142324"
"0x5284d2b6fc2850159ddc55538d0c8567b40061f5de7e4b3885c7154811500f35","Success","Exec Transaction","84904594","2026-03-31 03:53:45","0x4da9395388791c22684e03779c3de10934eb9cfb","","0x751a2b86cab503496efd325c8344e10159349ea1","Polymarket: Sharky6999","0 POL","$0.00","0.05027489"
"0x9f82eb4743fd1b68c6f34a70b399d856df8483767fe893fe05c02938f9b3eb95","Success","Exec Transaction","84903693","2026-03-31 03:23:43","0x09583cb666c9a687adeafb50fd556adb6bae6fa6","","0x751a2b86cab503496efd325c8344e10159349ea1","Polymarket: Sharky6999","0 POL","$0.00","0.03986943"
"0xed636972f31b7edc3e19a5a5a83bd257ea1699a66491c8760648d763ab271896","Success","Exec Transaction","84902275","2026-03-31 02:36:27","0x0b49b3a41283bb78ebac770e7d31473b80ba5193","","0x751a2b86cab503496efd325c8344e10159349ea1","Polymarket: Sharky6999","0 POL","$0.00","0.07280064"
"0x888e1298fdfc72a27458ca0ece04c0dee7e40ad8ed78aab1a61e479c9906bdc6","Success","Exec Transaction","84900695","2026-03-31 01:43:47","0x4fac062e3edf91d976ea75ea6007cc3b086daad3","","0x751a2b86cab503496efd325c8344e10159349ea1","Polymarket: Sharky6999","0 POL","$0.00","0.0389181"
"0x141df6fb87f9f2106aa778a24746bf29ef16b508d319a8ddd8ce645100fbe6da","Success","Exec Transaction","84897832","2026-03-31 00:08:21","0xddd8c93165245b2764dfe8be340992e99d7b2c07","","0x751a2b86cab503496efd325c8344e10159349ea1","Polymarket: Sharky6999","0 POL","$0.00","0.02777605"
"0xc725dd73b389964796a26ed885de16bcda03e20896a55ecbe4b170a5524a1303","Success","Exec Transaction","84897142","2026-03-30 23:45:21","0x09583cb666c9a687adeafb50fd556adb6bae6fa6","","0x751a2b86cab503496efd325c8344e10159349ea1","Polymarket: Sharky6999","0 POL","$0.00","0.02781195"
"0xc64e227673748603f4ac5cdcaa47d2f8ca79a33b582ce0fc5fbe53090c8e89e0","Success","Exec Transaction","84894901","2026-03-30 22:30:39","0x7db63fe6d62eb73fb01f8009416f4c2bb4fbda6a","","0x751a2b86cab503496efd325c8344e10159349ea1","Polymarket: Sharky6999","0 POL","$0.00","0.05011444"
"0xd0dc11d366ba0961576aa76a34ecf4a4c980b682251388b1fe4b41ce72521358","Success","Exec Transaction","84893391","2026-03-30 21:40:19","0x710be84efbd0dfd4b1a67b9525a778ae5c420ff8","","0x751a2b86cab503496efd325c8344e10159349ea1","Polymarket: Sharky6999","0 POL","$0.00","0.02461321"